Year,Month,AIRT,U10,V10,W10,EVP,PCP,EMP,QSHORT,QLONG,QLAT,QSEN,QNET,SSH,SST,SSS,SSC,SLD
1993,1,298.78955078125,-4.1098461151123,-4.1098461151123,6.45082092285156,-0.00646767392754555,0.000123977661132812,-0.00659165158867836,17964544,-6356941,-16174368,-1205984,-5772749,0.575273903086782,27.1261635124683,33.1354716327041,1536.82543802014,73
1993,2,298.94189453125,-2.72739028930664,-2.72739028930664,4.36376571655273,-0.00490527227520943,6.866455078125e-05,-0.00497393682599068,20918784,-7003037,-12267168,-699632,948947,0.47639393247664,26.866145811975,33.0652790609747,1536.15648205214,56
1993,3,300.1005859375,-1.87633514404297,-1.87633514404297,3.69484639167786,-0.00368977710604668,0.000207901000976562,-0.00389767810702324,23771014,-6744330,-9227616,-551568,7247500,0.44770653359592,27.6762291267514,33.5673085413873,1538.54767557016,57
1993,4,301.348876953125,-0.592652320861816,-0.592652320861816,2.73325634002686,-0.00355315580964088,0.0003509521484375,-0.00390410795807838,24075264,-5846266,-8886480,-581968,8760550,0.438550980761647,29.4472792670131,33.4437085781246,1542.23518723389,13
1993,5,301.498291015625,2.73418998718262,2.73418998718262,4.49882316589355,-0.00403205677866936,0.00542259216308594,-0.00945464894175529,20335104,-4325909,-10083472,-921399,5004324,0.498062074184418,30.3071687892079,33.2392345648259,1543.79454940903,22
1993,6,301.513427734375,5.35544681549072,5.35544681549072,8.4375696182251,-0.0057036317884922,0.00531005859375,-0.0110136903822422,19676160,-3812481,-14262928,-983374,617377,0.490432446822524,29.2451246604323,33.1125827506185,1541.43481146432,30
1993,7,300.803466796875,6.72314071655273,6.72314071655273,9.06441879272461,-0.00591200590133667,0.0092315673828125,-0.0151435732841492,16581120,-3545269,-14785760,-1277374,-3027283,0.498977629467845,28.4951017722487,33.5520492866635,1540.32430350012,47
1993,8,300.77880859375,6.65673637390137,6.65673637390137,9.11632823944092,-0.00585785508155823,0.00888442993164062,-0.0147422850131989,17407488,-3656057,-14649872,-1081924,-1980365,0.552995391190052,28.0922574475408,33.2712789997458,1539.12837856216,59
1993,9,300.36328125,5.11590671539307,5.11590671539307,6.85023641586304,-0.00471367686986923,0.00781822204589844,-0.0125318989157677,17431580,-3827267,-11788128,-1127851,688334,0.517593920230865,28.1047089993954,33.03018277511,1538.88210381656,54
1993,10,299.935791015625,-0.0422277450561523,-0.0422277450561523,4.01715278625488,-0.00357465073466301,0.0108127593994141,-0.0143874101340771,15523328,-4057293,-8939808,-1140748,1385479,0.530716879293323,28.6057008504868,33.2575456704944,1540.23003738711,31
1993,11,300.282470703125,-5.0533504486084,-5.0533504486084,5.87731504440308,-0.00466714799404144,0.00339508056640625,-0.00806222856044769,17377280,-4758992,-11671536,-860944,85808,0.458998382091522,28.6979888230562,33.243812341243,1540.41355654662,45
1993,12,299.9697265625,-5.63817405700684,-5.63817405700684,6.36848831176758,-0.00592801347374916,0.00307464599609375,-0.00900265946984291,15941632,-5120240,-14826544,-903936,-4909088,0.452589495107532,27.9977721422911,33.1568345893174,1538.79101240687,50
1994,1,299.243896484375,-3.89139842987061,-3.89139842987061,5.72922372817993,-0.00475775077939034,0.000274658203125,-0.00503240898251534,18623488,-5830499,-11898208,-765184,129597,0.491348002105951,27.5824762657285,33.0103457439691,1537.70550874304,55
1994,2,299.248779296875,-3.16852474212646,-3.16852474212646,4.8735089302063,-0.0041133388876915,0.00123405456542969,-0.00534739345312119,20813312,-6173280,-10287136,-714976,3637920,0.533463545143604,27.9941099211574,33.2102419808507,1538.84360070801,66
1994,3,299.86572265625,-1.77308559417725,-1.77308559417725,4.64795541763306,-0.0036884993314743,0.00791835784912109,-0.0116068571805954,20964212,-5464984,-9224496,-604560,5670172,0.488906521350145,28.0256050229073,32.7738272957504,1538.41750013053,49
1994,4,301.466064453125,-0.891026496887207,-0.891026496887207,3.06361103057861,-0.00397523120045662,0.00359344482421875,-0.00756867602467537,21949952,-5386600,-9941088,-808615,5813649,0.490737631917,29.5278481319547,31.8338572047651,1540.59393727501,10
1994,5,301.47412109375,4.99684524536133,4.99684524536133,6.61685943603516,-0.00505220144987106,0.00655174255371094,-0.011603944003582,19565568,-3917409,-12633984,-1089204,1924971,0.441297646611929,28.9338358640671,32.2367015294731,1539.78312898859,27
1994,6,301.4072265625,6.56912231445312,6.56912231445312,9.47545051574707,-0.00634545087814331,0.0092620849609375,-0.0156075358390808,16914432,-3453944,-15868736,-1115169,-3523417,0.50721762701869,28.3735160306096,32.4839014559984,1538.85071965946,41
1994,7,300.546875,7.71478939056396,7.71478939056396,10.4808197021484,-0.00658907368779182,0.01348876953125,-0.0200778432190418,16248832,-3463744,-16477312,-1532004,-5224228,0.536210210993886,28.162572093308,32.7265236061066,1538.66456943761,55
1994,8,300.35888671875,7.42784309387207,7.42784309387207,9.8998851776123,-0.00571687519550323,0.00983428955078125,-0.0155511647462845,18825728,-3637888,-14296800,-1151896,-260856,0.558793907985091,28.1911374181509,33.0103457439691,1539.04891109951,54
1994,9,300.10986328125,5.97609901428223,5.97609901428223,7.30226898193359,-0.0047001987695694,0.00839042663574219,-0.0130906254053116,17913852,-3843989,-11754080,-1106352,1209431,0.546281319111586,28.1676992028952,33.175145694986,1539.18453126954,59
1994,10,300.14111328125,-1.15158462524414,-1.15158462524414,3.90232801437378,-0.00390500575304031,0.005340576171875,-0.00924558192491531,18271744,-4546967,-9765520,-975718,2983539,0.457777641713619,28.7287514805794,33.0027161166072,1540.20722166087,24
1994,11,300.233154296875,-5.16466999053955,-5.16466999053955,6.3266716003418,-0.00523450598120689,0.00406837463378906,-0.00930288061499596,16839680,-4789472,-13090144,-840160,-1880096,0.483718374744058,28.4225897938013,33.0362864769995,1539.58291564105,45
1994,12,299.3515625,-4.30040645599365,-4.30040645599365,6.0914306640625,-0.0055743008852005,0.00188636779785156,-0.00746066868305206,15877632,-4860704,-13940976,-1200496,-4124544,0.463270973414183,27.9318521618843,32.4869533069432,1537.88534354476,48
1995,1,299.317138671875,-4.48422813415527,-4.48422813415527,6.40787887573242,-0.00636433809995651,0.000530242919921875,-0.00689458101987839,18257408,-5902448,-15915808,-1062176,-4623024,0.509964292868972,27.8556779623032,32.2397533804178,1537.43633867941,54
1995,2,298.864990234375,-3.54088306427002,-3.54088306427002,4.88095760345459,-0.00477006658911705,0.000141143798828125,-0.00491121038794518,21742592,-7132544,-11929104,-946064,1734880,0.513016143813729,27.5070345103741,32.3404644615948,1536.7749603183,58
1995,3,300.2216796875,-2.02036285400391,-2.02036285400391,3.77651119232178,-0.00385715439915657,5.05447387695312e-05,-0.0039076991379261,23314528,-6813172,-9646064,-676704,6178588,0.439466536045074,28.0373241305351,32.2336496785283,1537.83057886293,27
1995,4,301.834228515625,-1.31855010986328,-1.31855010986328,2.44161558151245,-0.00364701449871063,0.00046539306640625,-0.00411240756511688,24109568,-5838430,-9120848,-622926,8527364,0.484328744933009,30.408978536725,32.3206274304539,1542.97497823223,5
1995,5,301.697265625,2.67135334014893,2.67135334014893,6.55417633056641,-0.00518268719315529,0.005462646484375,-0.0106453336775303,19859968,-4092333,-12961120,-1084129,1722386,0.542313912883401,29.6662800908089,32.9309976194054,1542.11832360376,22
1995,6,301.223876953125,5.86423492431641,5.86423492431641,8.8262939453125,-0.004868995398283,0.00695991516113281,-0.0118289105594158,18333696,-3356960,-12176144,-687680,2112912,0.548722799867392,29.1345255821943,32.8440198674798,1540.89701292914,37
1995,7,300.694580078125,4.96067810058594,4.96067810058594,7.72058010101318,-0.00485372915863991,0.00989913940429688,-0.0147528685629368,16656896,-3411376,-12138368,-1010628,96524,0.595110934227705,28.8188421204686,32.8379161655903,1540.21482241141,48
1995,8,300.648681640625,6.3374719619751,6.3374719619751,8.12431240081787,-0.00503209605813026,0.00905036926269531,-0.0140824653208256,17274368,-3537070,-12584480,-1074067,78751,0.545060578733683,28.6826074942946,33.1812493968755,1540.30966056678,53
1995,9,300.524169921875,5.34687519073486,5.34687519073486,7.14225435256958,-0.00429771095514297,0.00655555725097656,-0.0108532682061195,17450916,-3693491,-10747744,-829348,2180333,0.537125766277313,28.6122928485274,32.2168644983321,1539.06751307471,48
1995,10,300.0146484375,0.700035095214844,0.700035095214844,4.58777332305908,-0.00370806455612183,0.0123291015625,-0.0160371661186218,16064512,-3943904,-9273280,-1130279,1717049,0.486159855499864,28.848872333765,31.7163609433919,1539.01353602868,39
1995,11,299.8310546875,-2.44633483886719,-2.44633483886719,5.61105728149414,-0.00500492379069328,0.0147953033447266,-0.0198002271354198,12474368,-4197200,-12517072,-1539808,-5779712,0.478225043043494,28.497299104929,32.3328348342329,1538.94915355301,38
1995,12,299.509521484375,-4.80505275726318,-4.80505275726318,6.48620414733887,-0.0069907121360302,0.000530242919921875,-0.00752095505595207,17384960,-5939935,-17482384,-899136,-6936495,0.569475386291742,27.688680678606,33.0210272222757,1537.95378277287,52
1996,1,298.869873046875,-4.30078601837158,-4.30078601837158,6.39328384399414,-0.00670724362134933,0.00058746337890625,-0.00729470700025558,18505216,-6428592,-16773504,-1064656,-5761536,0.520340586081147,27.0844141915441,33.5566270630807,1537.21212435563,65
1996,2,299.044677734375,-4.35583877563477,-4.35583877563477,5.84284830093384,-0.00465996935963631,0.000375747680664062,-0.00503571704030037,21137920,-6256544,-11653792,-736395,2491189,0.578020568937063,27.1415448412299,32.5952940154821,1536.2438673928,72
1996,3,299.951904296875,-1.46169948577881,-1.46169948577881,3.18410348892212,-0.00320159643888474,7.82012939453125e-05,-0.00327979773283005,23616124,-6414746,-8006528,-520447,8674403,0.519119845703244,28.1039765551686,32.6105532702059,1538.40454407778,59
1996,4,301.265380859375,-0.296637535095215,-0.296637535095215,2.57150745391846,-0.00332255661487579,0.00225067138671875,-0.00557322800159454,21070336,-4905478,-8308304,-677005,7179549,0.448927273973823,30.0918301865458,32.0337534416467,1541.99884377163,9
1996,5,301.621826171875,4.65247440338135,4.65247440338135,6.32885122299194,-0.00460174679756165,0.00374031066894531,-0.00834205746650696,20692992,-4139150,-11508160,-749785,4295897,0.458693196997046,29.410657055676,32.6883754692972,1541.3074122549,24
1996,6,301.15966796875,3.52648258209229,3.52648258209229,8.12972640991211,-0.00566041842103004,0.00984573364257812,-0.0155061520636082,16676864,-3618392,-14155264,-1168372,-2265164,0.585345011204481,29.3352153003216,32.7631458174437,1541.2320129562,36
1996,7,300.5947265625,6.10966014862061,6.10966014862061,8.40967178344727,-0.00547137856483459,0.0093536376953125,-0.0148250162601471,17620480,-3578060,-13683584,-1138312,-779476,0.536210210993886,28.8239692300558,32.9508346505463,1540.35339235802,50
1996,8,300.64990234375,4.53776550292969,4.53776550292969,7.61317443847656,-0.00489217787981033,0.00753593444824219,-0.0124281123280525,17936384,-3691922,-12234608,-1008007,1001847,0.559099093079567,28.5895870774984,33.2132938317955,1540.14515194324,53
1996,9,299.9296875,5.84799671173096,5.84799671173096,7.1585636138916,-0.00438744202256203,0.0116176605224609,-0.016005102545023,14591675,-3382663,-10971472,-1245162,-1007622,0.506912441924214,28.5178075432777,32.9966124147177,1539.7446121455,40
1996,10,300.185791015625,-0.0207681655883789,-0.0207681655883789,4.96303033828735,-0.00373569503426552,0.00938224792480469,-0.0131179429590702,16957952,-4034992,-9341840,-1080329,2500791,0.462965788319707,28.7968687936664,33.0561235081404,1540.41412577118,34
1996,11,300.087646484375,-1.49890995025635,-1.49890995025635,5.80688190460205,-0.00498123094439507,0.00867271423339844,-0.0136539451777935,16184320,-4833584,-12457728,-1153808,-2260800,0.463270973414183,28.5222022086382,33.0027161166072,1539.76104232705,35
1996,12,299.410400390625,-3.82103729248047,-3.82103729248047,5.66434860229492,-0.00508751347661018,0.00342178344726562,-0.00850929692387581,15138304,-5132640,-12722736,-1110352,-3827424,0.50935392268002,27.7853633165359,33.06222721003,1538.21492893757,43
1997,1,298.890869140625,-3.8920259475708,-3.8920259475708,5.5670313835144,-0.00620695948600769,0.000425338745117188,-0.00663229823112488,18272768,-6442512,-15522448,-1155664,-4847856,0.530106509104371,27.2785119116306,32.7524643391371,1536.73169180774,45
1997,2,298.618408203125,-2.72931003570557,-2.72931003570557,4.77892780303955,-0.00512536242604256,0,-0.00512536242604256,22357504,-7725638,-12818240,-884608,929018,0.559404278174043,26.9716177806258,32.6044495683163,1535.86961421422,63
1997,3,300.028076171875,-1.3352632522583,-1.3352632522583,3.50316309928894,-0.00362642854452133,8.392333984375e-05,-0.00371035188436508,24161472,-7142964,-9069152,-612192,7337164,0.456556901335716,28.0314645767212,31.9513534661382,1537.49761192962,43
1997,4,301.249267578125,-1.47245597839355,-1.47245597839355,2.82966446876526,-0.00397026166319847,0.000650405883789062,-0.00462066754698753,23716864,-5983463,-9929024,-796571,7007806,0.505691701546311,29.657490760088,32.0780052803457,1541.14132150016,21
1997,5,301.756103515625,2.97449016571045,2.97449016571045,6.26040983200073,-0.00522477924823761,0.00818634033203125,-0.0134111195802689,20653056,-4435888,-13066096,-925687,2225385,0.513016143813729,30.1533555015922,32.4228644371033,1542.56236962823,19
1997,6,301.56982421875,6.2947416305542,6.2947416305542,8.43486499786377,-0.00567642971873283,0.0043792724609375,-0.0100557021796703,20643328,-4278210,-14195360,-865023,1304735,0.550859095528722,29.5849787816405,33.0317087005824,1542.0610078943,37
1997,7,300.980224609375,7.24489402770996,7.24489402770996,10.3500051498413,-0.00595596805214882,0.0103378295898438,-0.0162937976419926,16667648,-3312229,-14894928,-1018540,-2558049,0.544145023450255,28.5690786391497,33.1507308874279,1540.03001892371,52
1997,8,300.68896484375,7.77529239654541,7.77529239654541,9.95953750610352,-0.00529332086443901,0.00987625122070312,-0.0151695720851421,18044416,-3342720,-13238464,-884336,578896,0.484939115121961,28.3427533730865,33.1919308751822,1539.58560097384,53
1997,9,300.3271484375,4.27851581573486,4.27851581573486,6.18549633026123,-0.00444404408335686,0.0093231201171875,-0.0137671642005444,18214744,-3922201,-11113696,-1282752,1896095,0.528275398537517,28.8818323239684,33.1766716204584,1540.73265370776,38
1997,10,300.384765625,-1.19558143615723,-1.19558143615723,3.24188423156738,-0.00336259603500366,0.00544548034667969,-0.00880807638168335,18546688,-4571095,-8408512,-1002042,4565039,0.493484297767282,29.31983397156,33.0469679553062,1541.51915000646,22
1997,11,300.17822265625,-2.84312438964844,-2.84312438964844,4.89078235626221,-0.00448756292462349,0.00986480712890625,-0.0143523700535297,14439424,-4295840,-11221920,-1350848,-2429184,0.412305062636733,29.2150944471359,33.0072938930243,1541.25240069435,33
1997,12,300.3076171875,-5.00464630126953,-5.00464630126953,6.22728061676025,-0.00568382814526558,0.00142288208007812,-0.0071067102253437,16999936,-5465392,-14213632,-1079520,-3758608,0.428174687549472,28.4907071068883,32.9157383646816,1539.59432521354,38
1998,1,299.79638671875,-4.04650592803955,-4.04650592803955,5.97290945053101,-0.0055985301733017,0.00032806396484375,-0.00592659413814545,18835968,-6199104,-14001088,-942464,-2306688,0.390331735834479,27.7531357705593,32.7417828608304,1537.77931935555,39
1998,2,299.5419921875,-2.70715522766113,-2.70715522766113,4.46111154556274,-0.00460151955485344,4.57763671875e-05,-0.00464729592204094,21286912,-6599920,-11507568,-822448,2356976,0.391247291117907,28.0907925590873,32.1329385973513,1537.83410631676,39
1998,3,300.28515625,-2.36408042907715,-2.36408042907715,3.86282825469971,-0.00379481539130211,2.288818359375e-05,-0.00381770357489586,24174548,-6941000,-9489648,-636048,7107852,0.422070985659957,28.900143429637,32.3892940767109,1539.88297036204,39
1998,4,301.68701171875,-1.11688804626465,-1.11688804626465,2.76483583450317,-0.00332926958799362,7.62939453125e-05,-0.00340556353330612,24900608,-6201979,-8326032,-518448,9854149,0.454725790768862,30.3005767911673,32.8760643023998,1543.37399597478,12
1998,5,302.596435546875,1.12607383728027,1.12607383728027,6.09100914001465,-0.00470785051584244,0.00365829467773438,-0.00836614519357681,21269504,-4090240,-11773392,-732984,4672888,0.543534653261304,31.0659810081124,33.2346567884088,1545.3318868576,21
1998,6,301.536865234375,6.03623485565186,6.03623485565186,8.43445777893066,-0.00546912103891373,0.0128021240234375,-0.0182712450623512,14523392,-3116410,-13676688,-1125583,-3395289,0.542619097977877,29.8039796054363,33.1736197695136,1542.67898444997,40
1998,7,301.134521484375,4.03096961975098,4.03096961975098,7.31249046325684,-0.00476446747779846,0.00830841064453125,-0.0130728781223297,17333248,-3547365,-11914480,-989834,881569,0.548722799867392,29.1096224784851,32.9371013212949,1540.94894078769,46
1998,8,300.879150390625,3.869140625,3.869140625,6.91583156585693,-0.00504515692591667,0.00725555419921875,-0.0123007111251354,19024896,-3801298,-12617872,-1117236,1488490,0.579241309314966,28.9814447388053,32.8501235693693,1540.57721457072,41
1998,9,300.487060546875,3.32490730285645,3.32490730285645,6.16136503219604,-0.00458112359046936,0.0109500885009766,-0.0155312120914459,15893625,-3553120,-11456224,-1263145,-378864,0.50294503569603,28.8137150108814,33.0408642534167,1540.43307886272,41
1998,10,300.22412109375,2.35341262817383,2.35341262817383,5.69666814804077,-0.00435808673501015,0.01446533203125,-0.0188234187662601,13897728,-3623390,-10898832,-1311129,-1935623,0.545670948922634,28.5580919757485,32.7631458174437,1539.56773545786,49
1998,11,300.208984375,-1.2404670715332,-1.2404670715332,5.80372285842896,-0.00438477098941803,0.0101032257080078,-0.0144879966974258,14736384,-4163296,-10965776,-1177456,-1570144,0.537430951371789,28.4921719953418,32.2794274426997,1538.87761135111,47
1998,12,300.068359375,-4.56172847747803,-4.56172847747803,5.71324396133423,-0.00522178784012794,0.00322341918945312,-0.00844520702958107,16281088,-5019888,-13058592,-1011376,-2808768,0.513626514002681,28.3559373691678,32.9798272345215,1539.3739978664,40
1999,1,299.4990234375,-4.18653392791748,-4.18653392791748,6.55825233459473,-0.00606801733374596,0.00202560424804688,-0.00809362158179283,17325568,-5681296,-15175248,-1113504,-4644480,0.542008727788925,28.0351267978549,33.1766716204584,1538.89562945074,48
1999,2,300.164794921875,-4.02501392364502,-4.02501392364502,5.08424377441406,-0.00410149991512299,0.00287628173828125,-0.00697778165340424,19279872,-5207122,-10256944,-686592,3129214,0.567339090630412,27.7773064300418,33.0698568373919,1538.20576759079,62
1999,3,300.037353515625,-0.357224464416504,-0.357224464416504,2.69316482543945,-0.00352461263537407,6.4849853515625e-05,-0.00358946248888969,23825176,-7082235,-8813760,-558365,7370816,0.523087251931429,28.4672688916326,32.6944791711867,1539.293044951,23
1999,4,301.0302734375,1.94384956359863,1.94384956359863,4.81211185455322,-0.00426847860217094,0.00411033630371094,-0.00837881490588188,19118592,-4180345,-10674704,-989995,3273548,0.494705038145185,29.4963530302048,32.6349680777639,1541.42819378057,19
1999,5,300.959228515625,5.00621032714844,5.00621032714844,7.03747272491455,-0.00505930557847023,0.00741195678710938,-0.0124712623655796,18490368,-3887998,-12652752,-1192317,757301,0.50508133135736,29.4677877053618,32.6960050966591,1541.43662411159,29
1999,6,300.78564453125,7.04952526092529,7.04952526092529,9.31270313262939,-0.00545132532715797,0.00716400146484375,-0.0126153267920017,18447360,-3728901,-13632880,-786768,298811,0.532242804765701,28.5419782027602,32.6853236183524,1539.44479333909,49
1999,7,300.65673828125,7.1470251083374,7.1470251083374,9.17000770568848,-0.00548573583364487,0.0080108642578125,-0.0134966000914574,16587776,-3393225,-13718192,-971285,-1494926,0.532547989860177,28.3625293672085,32.2138126473874,1538.52106246225,50
1999,8,300.35009765625,6.96604633331299,6.96604633331299,9.24835681915283,-0.0052625946700573,0.008575439453125,-0.0138380341231823,18448896,-3672966,-13160656,-925599,689675,0.536515396088362,28.0754112303257,32.6975310221314,1538.44044146723,46
1999,9,300.146728515625,4.8344669342041,4.8344669342041,6.66242027282715,-0.00400266796350479,0.00727081298828125,-0.011273480951786,18681384,-3831366,-10010384,-829092,4010542,0.519730215892196,28.0959196686745,32.5312051456422,1538.29687391107,57
1999,10,300.025390625,1.06906604766846,1.06906604766846,5.08553600311279,-0.00411051139235497,0.00939178466796875,-0.0135022960603237,15672832,-3945803,-10279312,-1249470,198247,0.471510970965028,28.361064478755,32.7005828730762,1539.0689045108,34
1999,11,299.905517578125,-3.09209251403809,-3.09209251403809,4.53270292282104,-0.00401430577039719,0.00492668151855469,-0.00894098728895187,16864768,-4626368,-10038528,-938960,1260912,0.461134677752852,28.536851093173,32.1314126718789,1538.80731305495,31
1999,12,299.44482421875,-5.47670555114746,-5.47670555114746,6.79430246353149,-0.00658820569515228,0.00226211547851562,-0.00885032117366791,15430656,-4974048,-16476336,-1222512,-7242240,0.486465040594339,28.071749009192,33.7382121942937,1539.61356796881,55
2000,1,299.349609375,-4.61702251434326,-4.61702251434326,6.34001684188843,-0.00492437928915024,0.00137805938720703,-0.00630243867635727,18392064,-5925200,-12314992,-749216,-597344,0.569780571386218,27.5334025025368,33.2285530865192,1537.84458137534,73
2000,2,299.248779296875,-3.35918140411377,-3.35918140411377,4.65055894851685,-0.00412631407380104,0.00164031982421875,-0.00576663389801979,19905024,-5648592,-10319008,-666160,3271264,0.488906521350145,27.5663624927402,32.8974272590131,1537.54111390511,57
2000,3,299.920166015625,-2.84766483306885,-2.84766483306885,4.29033803939819,-0.00409268960356712,0.00726127624511719,-0.0113539658486843,20604616,-5805918,-10235200,-913616,3649882,0.479750968515873,28.361064478755,32.8943754080683,1539.28837132668,50
2000,4,301.09716796875,0.344593048095703,0.344593048095703,2.48387241363525,-0.0032837800681591,0.000980377197265625,-0.00426415726542473,22192640,-5631790,-8211696,-650713,7698441,0.537736136466265,29.8508560359478,32.7478865627199,1542.29850033578,14
2000,5,301.105224609375,4.6244945526123,4.6244945526123,7.0567479133606,-0.00459045171737671,0.008575439453125,-0.0131658911705017,17921536,-3638108,-11480112,-1028732,1774584,0.569170201197267,29.5952330008149,32.5724051333964,1541.56601511442,30
2000,6,300.827880859375,5.82147789001465,5.82147789001465,8.78206157684326,-0.00517019256949425,0.00726699829101562,-0.0124371908605099,17171456,-3448534,-12928960,-1047611,-253649,0.534989470615983,28.7170323729515,32.5479903258383,1539.66808230394,41
2000,7,300.82568359375,5.96677684783936,5.96677684783936,8.55034637451172,-0.00521310791373253,0.00529098510742188,-0.0105040930211544,18911232,-3844358,-13038432,-676726,1351716,0.525833917781711,28.5324564278126,32.7921384014189,1539.54498893285,47
2000,8,300.29931640625,6.65974998474121,6.65974998474121,9.1319751739502,-0.00581777840852737,0.0111465454101562,-0.0169643238186836,16172544,-3527901,-14549136,-1361044,-3265537,0.498062074184418,28.4833826646209,32.8821680042893,1539.54043954082,46
2000,9,300.24951171875,3.7755241394043,3.7755241394043,6.6892991065979,-0.00443102791905403,0.008697509765625,-0.013128537684679,18636014,-3827404,-11081536,-1006102,2720972,0.538651691749692,28.3859675824642,32.9340494703501,1539.38751052055,46
2000,10,299.920166015625,4.16354942321777,4.16354942321777,5.78729677200317,-0.00463671982288361,0.0154647827148438,-0.0201015025377274,14187008,-4046224,-11595616,-1327322,-2782154,0.464491713792086,28.3742484748363,32.0825830567628,1538.39813683152,41
2000,11,300.2099609375,-4.61167144775391,-4.61167144775391,5.90237379074097,-0.00468390434980392,0.0034637451171875,-0.00814764946699142,17292800,-4806208,-11713472,-737488,35632,0.491958372294903,28.4299142360687,32.558671804145,1539.05815358047,40
2000,12,299.915283203125,-4.71416473388672,-4.71416473388672,6.5114803314209,-0.00570661202073097,0.00318145751953125,-0.00888806954026222,15166976,-4673600,-14271200,-1070064,-4847888,0.50721762701869,27.8937650620937,32.8394420910627,1538.2014342549,51
2001,1,299.194580078125,-4.26940727233887,-4.26940727233887,6.10815048217773,-0.00567604228854179,0.00323486328125,-0.00891090556979179,16004096,-4963827,-14194528,-1252608,-4406867,0.567033905535936,27.4623554125428,32.6487014070153,1537.02580050432,60
2001,2,298.780029296875,-1.93882846832275,-1.93882846832275,3.85141324996948,-0.00420080125331879,0.000215530395507812,-0.0044163316488266,21569536,-7139131,-10506080,-730608,3193717,0.501113925129175,27.1913510486484,31.6354868933558,1535.26250664938,55
2001,3,299.689697265625,-0.357120513916016,-0.357120513916016,3.73763823509216,-0.00346408784389496,0.00020599365234375,-0.00367008149623871,23332004,-6269903,-8663920,-507600,7890581,0.484939115121961,27.7736442089081,31.6171757876873,1536.54764433904,50
2001,4,301.84130859375,-1.18169975280762,-1.18169975280762,2.73323559761047,-0.00364432856440544,0.000680923461914062,-0.0043252520263195,23420928,-5254033,-9113808,-567967,8485120,0.510879848152399,29.8867458030581,31.1731314752251,1540.60700279322,9
2001,5,301.554443359375,4.88073921203613,4.88073921203613,7.17376518249512,-0.00574388355016708,0.00914764404296875,-0.0148915275931358,18291712,-3813580,-14364352,-1371275,-1257495,0.538346506655216,30.2705465778708,32.0947904605418,1542.43712569048,20
2001,6,301.2109375,6.19442462921143,6.19442462921143,9.79986190795898,-0.00626028329133987,0.00729560852050781,-0.0135558918118477,19152896,-3717194,-15655520,-1072495,-1292313,0.502639850601554,29.0568864941597,32.9660939052701,1540.86922138885,39
2001,7,300.738037109375,5.95818138122559,5.95818138122559,8.19227123260498,-0.00503942742943764,0.00943565368652344,-0.0144750811159611,18025472,-3581055,-12602144,-981893,860380,0.542619097977877,28.5925168544054,33.0271309241652,1539.94085475132,51
2001,8,300.70263671875,7.39825820922852,7.39825820922852,9.43954563140869,-0.0057678148150444,0.0104236602783203,-0.0161914750933647,16992256,-3494411,-14424032,-1237646,-2163833,0.525528732687235,28.5500350892544,32.7127902768552,1539.49332229253,43
2001,9,300.481201171875,4.21004772186279,4.21004772186279,5.98431205749512,-0.00432323664426804,0.0098114013671875,-0.0141346380114555,18187772,-3930652,-10811440,-1140482,2305198,0.50935392268002,28.7946714609861,32.40150148049,1539.66997050446,33
2001,10,300.1689453125,0.312153816223145,0.312153816223145,4.66171360015869,-0.00376472622156143,0.0113067626953125,-0.0150714889168739,15692800,-3864599,-9414880,-1158363,1254958,0.477614672854543,28.7404705882072,32.0459608454257,1539.1516727357,38
2001,11,300.1376953125,-5.0773458480835,-5.0773458480835,6.42318248748779,-0.00656637921929359,0.00974655151367188,-0.0163129307329655,15834112,-4853184,-16420960,-1571280,-7011312,0.489516891539097,28.5683461949229,32.7112643513829,1539.53126257873,40
2001,12,299.44873046875,-4.58182239532471,-4.58182239532471,6.11309719085693,-0.00498079881072044,0.00305557250976562,-0.00803637132048607,15934464,-4999809,-12456848,-951824,-2474017,0.56031983345747,27.7948850914836,32.5189977418631,1537.61874926752,57
2002,1,299.2177734375,-5.11016082763672,-5.11016082763672,6.22515964508057,-0.00496113672852516,0.000970840454101562,-0.00593197718262672,17630208,-5422784,-12406384,-678560,-877520,0.511795403435826,27.3715323284268,32.8760643023998,1537.08135034439,56
2002,2,299.3115234375,-3.51692390441895,-3.51692390441895,5.62955951690674,-0.00426375493407249,7.2479248046875e-05,-0.00433623418211937,21474304,-6698527,-10662480,-562832,3550465,0.451673939824104,27.2763145789504,32.985930936411,1536.99288273326,56
2002,3,299.981201171875,-2.1672534942627,-2.1672534942627,3.69306540489197,-0.0034952200949192,0.000116348266601562,-0.00361156836152077,23990956,-6604111,-8740912,-576400,8069533,0.502639850601554,28.1676992028952,32.3282570578158,1538.22440583491,52
2002,4,301.53564453125,-2.03643417358398,-2.03643417358398,2.73337388038635,-0.00360454246401787,0.00134086608886719,-0.00494540855288506,23013888,-5253131,-9013744,-698014,8048999,0.46632282435894,30.2244025915861,32.2992644738406,1542.57079551121,13
2002,5,301.764892578125,4.61552810668945,4.61552810668945,7.33075428009033,-0.00503745302557945,0.00551033020019531,-0.0105477832257748,19350528,-3851652,-12597840,-816798,2084238,0.536210210993886,29.9145786836743,32.3725088965148,1542.01001258388,26
2002,6,301.4033203125,5.38102340698242,5.38102340698242,8.35398578643799,-0.00578511878848076,0.00737762451171875,-0.0131627433001995,18677248,-3776782,-14468048,-1180905,-748487,0.514542069286108,28.9440900832415,32.6792199164629,1540.30438760408,50
2002,7,301.18359375,7.18261337280273,7.18261337280273,9.39218902587891,-0.00532946735620499,0.00515365600585938,-0.0104831233620644,18774528,-3576404,-13327872,-742080,1128172,0.593890193849802,28.9338358640671,33.2483901176602,1540.92500520132,58
2002,8,300.638916015625,6.91655254364014,6.91655254364014,9.3800687789917,-0.00545781850814819,0.00787734985351562,-0.0133351683616638,17780224,-3521478,-13648352,-908533,-298139,0.566728720441461,28.3940244689584,32.840968016535,1539.2996337423,63
2002,9,300.426513671875,5.96283531188965,5.96283531188965,7.50842666625977,-0.00472409278154373,0.00541305541992188,-0.0101371482014656,18495302,-3941311,-11814192,-1100063,1639736,0.508438367396593,28.5317239835858,33.0683309119195,1539.85592592058,47
2002,10,300.31201171875,-0.144397735595703,-0.144397735595703,2.66244721412659,-0.00304998084902763,0.0061187744140625,-0.00916875526309013,18514944,-4382545,-7627680,-937046,5567673,0.458388011902571,29.1110873669386,32.6303903013468,1540.60621387187,27
2002,11,300.078125,-1.73176002502441,-1.73176002502441,5.42725896835327,-0.00448260456323624,0.0103187561035156,-0.0148013606667519,14401024,-3869456,-11211152,-1209824,-1889408,0.471816156059504,28.8591265529394,32.7463606372476,1540.19795866223,37
2002,12,299.845458984375,-4.46830177307129,-4.46830177307129,5.99404144287109,-0.00523886829614639,0.00367927551269531,-0.00891814380884171,15735808,-4980032,-13101152,-1085600,-3430976,0.518509475514293,28.3683889210224,32.6487014070153,1539.02611810498,46
2003,1,299.25146484375,-4.01503753662109,-4.01503753662109,6.01608276367188,-0.00609422475099564,0.000957489013671875,-0.00705171376466751,17823744,-5818656,-15240960,-1102800,-4338672,0.523087251931429,27.9025543928146,32.3938718531281,1537.71497946299,56
2003,2,299.665771484375,-3.96965312957764,-3.96965312957764,5.77318096160889,-0.00495179370045662,0.000247955322265625,-0.00519974902272224,20380672,-6256524,-12382992,-741872,999284,0.576189458370209,28.0651570111513,32.4167607352138,1538.09947803247,60
2003,3,299.921875,-3.16261196136475,-3.16261196136475,4.53835010528564,-0.00392791256308556,0.000545501708984375,-0.00447341427206993,22737068,-5813832,-9822560,-675264,6425412,0.48860133625567,28.1947996392846,33.0835901666433,1539.13997634182,42
2003,4,301.360595703125,-0.546517372131348,-0.546517372131348,1.92880725860596,-0.00332197919487953,0.0003204345703125,-0.00364241376519203,24689152,-6568943,-8307536,-600310,9212363,0.48860133625567,30.1123386248946,31.7743461113423,1541.75081453047,9
2003,5,301.6875,3.52709674835205,3.52709674835205,7.92489433288574,-0.00476258620619774,0.00713729858398438,-0.0118998847901821,19893760,-3867065,-11910368,-635198,3481129,0.490737631917,29.7124240770936,32.3984496295452,1541.61656857073,13
2003,6,301.1826171875,5.89523983001709,5.89523983001709,9.41628837585449,-0.00500840321183205,0.00603103637695312,-0.0110394395887852,19029504,-3454602,-12524752,-558624,2491526,0.610370188951492,29.030518501997,33.0469679553062,1540.90420797436,49
2003,7,300.404296875,5.63575744628906,5.63575744628906,8.40355491638184,-0.0049884058535099,0.0130214691162109,-0.0180098749697208,14810112,-3114556,-12475104,-1119153,-1898701,0.590838342905045,28.5302590951324,32.7356791589409,1539.47635257549,57
2003,8,300.528564453125,6.63718318939209,6.63718318939209,8.98239326477051,-0.0047210119664669,0.0113334655761719,-0.0160544775426388,17162240,-3383045,-11807216,-853668,1118311,0.477919857949018,28.6577043905854,33.521530777216,1540.64093751688,38
2003,9,300.375732421875,4.95153999328613,4.95153999328613,6.54480791091919,-0.0039229653775692,0.00631332397460938,-0.0102362893521786,18697172,-3661775,-9810304,-749214,4475879,0.491958372294903,28.871578104794,33.3735160063952,1540.93307952065,39
2003,10,300.358642578125,1.77069282531738,1.77069282531738,4.69303560256958,-0.0036621131002903,0.00893974304199219,-0.0126018561422825,15762432,-3896464,-9158128,-896612,1811228,0.501419110223651,29.2334055528045,33.1766716204584,1541.48220439648,38
2003,11,300.659423828125,-5.1087703704834,-5.1087703704834,6.00400257110596,-0.00522342324256897,0.00251960754394531,-0.00774303078651428,17884160,-4980336,-13062512,-1010672,-1169360,0.53163243457675,29.1762749031186,33.0530716571957,1541.22154563801,48
2003,12,300.011962890625,-5.56677150726318,-5.56677150726318,6.60978603363037,-0.00590264797210693,0.00513267517089844,-0.0110353231430054,16018432,-5204720,-14761232,-898320,-4845840,0.554521316662431,28.3039338290691,33.3536789752543,1539.68439763748,58
2004,1,299.365234375,-4.49555778503418,-4.49555778503418,6.26872730255127,-0.00541268289089203,0.000714302062988281,-0.00612698495388031,18278400,-5704767,-13535520,-971808,-1933695,0.532547989860177,27.8307748585939,32.9432050231844,1538.18012609764,51
2004,2,298.585693359375,-3.5821418762207,-3.5821418762207,5.39491939544678,-0.0048629455268383,0.000452041625976562,-0.00531498715281487,20453888,-6430810,-12161696,-803984,1057398,0.512405773624778,27.2865687981248,32.3953977786005,1536.3429415748,54
2004,3,299.693115234375,-1.88098526000977,-1.88098526000977,3.33270978927612,-0.00294653326272964,0.000631332397460938,-0.00357786566019058,22636190,-6057923,-7369072,-499248,8709947,0.490737631917,27.9501632675529,32.5754569843411,1538.02619922274,54
2004,4,301.880126953125,-1.01192378997803,-1.01192378997803,2.94811964035034,-0.00375930219888687,0.00102043151855469,-0.00477973371744156,23118848,-5475371,-9401424,-609423,7632630,0.497756889089942,30.39213231951,33.0576494336128,1543.76552736267,8
2004,5,300.868408203125,3.96865463256836,3.96865463256836,7.16150856018066,-0.00515272468328476,0.0140609741210938,-0.0192136988043785,15945728,-3394961,-12885776,-1318222,-1653231,0.518814660608768,29.5710623413324,33.0240790732205,1542.0231891517,28
2004,6,300.893310546875,7.4033842086792,7.4033842086792,9.56740093231201,-0.00561327114701271,0.0108375549316406,-0.0164508260786533,16826880,-3462230,-14037040,-804165,-1476555,0.574968717992306,28.4658040031791,33.0820642411709,1539.72857814571,47
2004,7,300.47412109375,5.23325443267822,5.23325443267822,8.32170009613037,-0.00478657335042953,0.0078582763671875,-0.012644849717617,18312192,-3547264,-11971056,-869091,1924781,0.611896114423871,28.3595995903015,33.2560197450221,1539.69488140083,47
2004,8,300.7880859375,6.73449039459229,6.73449039459229,9.13240051269531,-0.00513789057731628,0.00923347473144531,-0.0143713653087616,17079296,-3345281,-12849328,-693577,191110,0.632343515753746,28.202124081552,33.3140049129725,1539.41730543731,58
2004,9,300.17041015625,2.19598007202148,2.19598007202148,6.19878530502319,-0.00415569171309471,0.0081024169921875,-0.0122581087052822,16808362,-3617348,-10392240,-921872,1876902,0.541398357599974,28.6437879502773,32.961516128853,1539.97741976065,47
2004,10,300.279296875,-1.61887550354004,-1.61887550354004,5.62469863891602,-0.00397689267992973,0.00615501403808594,-0.0101319067180157,17932288,-4179088,-9945600,-841827,2965773,0.494705038145185,28.7053132653236,32.9798272345215,1540.13085059659,48
2004,11,300.115478515625,-4.70091915130615,-4.70091915130615,5.7443151473999,-0.00381619483232498,0.00292396545410156,-0.00674016028642654,17339904,-4438608,-9544272,-660240,2696784,0.535599840804935,28.6415906175971,32.7372050844133,1539.71904303942,43
2004,12,299.873046875,-4.9822359085083,-4.9822359085083,6.19177436828613,-0.00609998404979706,0.000576972961425781,-0.00667695701122284,17371136,-5670928,-15255120,-837280,-4392192,0.571611681953073,27.8974272832274,33.0957975704223,1538.5006900653,55
2005,1,299.19921875,-4.39317035675049,-4.39317035675049,6.15447902679443,-0.00535883754491806,0.00048828125,-0.00584711879491806,17548800,-5582002,-13402352,-873872,-2309426,0.513931699097157,27.3803216591477,33.4040345158428,1537.70270383471,63
2005,2,299.2470703125,-2.50406455993652,-2.50406455993652,4.65784072875977,-0.00420005619525909,2.86102294921875e-05,-0.00422866642475128,22156288,-7502844,-10503696,-743040,3406708,0.564897609874606,27.4103518724442,32.1497237775475,1536.34135067681,63
2005,3,300.198974609375,-3.00142669677734,-3.00142669677734,3.85643005371094,-0.00324313342571259,0.000448226928710938,-0.00369136035442352,22918504,-5834869,-8110096,-533440,8440099,0.542313912883401,28.3061311617494,31.9086275529116,1538.0524635032,60
2005,4,301.529052734375,-1.6804141998291,-1.6804141998291,3.05080103874207,-0.00325208529829979,0.00313186645507812,-0.00638395175337791,21479936,-4437033,-8132720,-647668,8262515,0.501419110223651,30.0259102061391,31.7987609189004,1541.59853533614,15
2005,5,301.71923828125,3.1752758026123,3.1752758026123,4.89092874526978,-0.00477296486496925,0.00599861145019531,-0.0107715763151646,17949184,-4032992,-11935728,-1127262,853202,0.513626514002681,30.3804132118821,31.6125980112702,1542.12422794386,23
2005,6,301.48779296875,6.47193050384521,6.47193050384521,8.8366060256958,-0.00574496388435364,0.0119361877441406,-0.0176811516284943,14807552,-3208761,-14367904,-1031405,-3800518,0.497451703995466,29.6838587522507,32.2489089332521,1541.38867000734,36
2005,7,300.968505859375,6.02776145935059,6.02776145935059,9.40305137634277,-0.00605634972453117,0.00897789001464844,-0.0150342397391796,17066496,-3487118,-15145872,-1124210,-2690704,0.596636859700084,28.7595141381025,32.8562272712588,1540.10790267063,50
2005,8,300.766845703125,5.88752174377441,5.88752174377441,8.03482627868652,-0.0046209953725338,0.00574493408203125,-0.010365929454565,18724864,-3608319,-11556480,-647304,2912761,0.573747977614403,28.6262092888355,33.0896938685328,1540.0844301594,47
2005,9,300.5732421875,5.10322856903076,5.10322856903076,7.72828340530396,-0.00527110323309898,0.0131111145019531,-0.0183822177350521,16244938,-3709628,-13181696,-1268676,-1915062,0.525833917781711,28.6569719463587,32.961516128853,1540.00588210299,44
2005,10,300.0400390625,-0.675876617431641,-0.675876617431641,4.40543508529663,-0.00349259003996849,0.0100688934326172,-0.0135614834725857,16613888,-3832995,-8734544,-983372,3062977,0.540787987411022,29.1103549227118,32.583086611703,1540.55132402469,33
2005,11,300.108154296875,-3.6280345916748,-3.6280345916748,5.78816318511963,-0.00467105582356453,0.00835800170898438,-0.0130290575325489,15190528,-4253184,-11680784,-1190976,-1934416,0.533463545143604,28.9133274257183,32.8211309853941,1540.39864866345,41
2005,12,299.547607421875,-4.28943729400635,-4.28943729400635,6.70050191879272,-0.00477650389075279,0.00973129272460938,-0.0145077966153622,13582336,-4178768,-11945200,-1189840,-3731472,0.563982054591179,28.2167729660869,33.4727011620998,1539.62931187373,52
2006,1,299.445556640625,-3.96652603149414,-3.96652603149414,5.80373048782349,-0.00552061572670937,0.000841140747070312,-0.00636175647377968,17610752,-5589244,-13805632,-895168,-2679292,0.632953885942698,27.7560655474663,33.4879604168236,1538.63419761274,69
2006,2,299.804931640625,-3.64852809906006,-3.64852809906006,5.24846363067627,-0.00425000116229057,9.918212890625e-05,-0.00434918329119682,21529600,-6143223,-10628800,-468480,4289097,0.589617602527142,27.7677846550941,32.7265236061066,1537.79445682738,66
2006,3,300.067138671875,-1.00219440460205,-1.00219440460205,3.16828012466431,-0.00350568071007729,0.00012969970703125,-0.00363538041710854,22790672,-6349916,-8766032,-581840,7092884,0.526139102876186,28.1889400854707,31.9025238510221,1537.78874125366,24
2006,4,300.99560546875,-0.0404787063598633,-0.0404787063598633,3.80003881454468,-0.00415541976690292,0.0111885070800781,-0.015343926846981,20631552,-5104729,-10392160,-930477,4204186,0.470595415681601,29.5498214587569,32.0947904605418,1540.93353173288,25
2006,5,300.9609375,4.15537643432617,4.15537643432617,6.11748027801514,-0.00442064926028252,0.00761032104492188,-0.0120309703052044,19188224,-3922081,-11054992,-1080480,3130671,0.463270973414183,29.2890713140368,32.4991607107222,1540.83692757375,31
2006,6,301.03857421875,5.73360061645508,5.73360061645508,7.91822528839111,-0.00501469895243645,0.00995826721191406,-0.0149729661643505,16172032,-3326708,-12540912,-842182,-537770,0.581377604976296,28.874507881701,32.7906124759465,1540.28094144358,45
2006,7,301.2568359375,7.31301784515381,7.31301784515381,9.57571411132812,-0.00562302768230438,0.00578498840332031,-0.0114080160856247,18908160,-3566580,-14062448,-695357,583775,0.552079835906625,29.0554216057062,33.1904049497098,1541.11920380457,42
2006,8,300.778076171875,7.61177062988281,7.61177062988281,9.87818813323975,-0.00526771321892738,0.00663375854492188,-0.0119014717638493,19049984,-3593031,-13173328,-548064,1735561,0.597247229889035,28.7814874649048,33.5352641064674,1540.92270995002,59
2006,9,299.985107421875,5.44136047363281,5.44136047363281,7.34457683563232,-0.00440517067909241,0.0116348266601562,-0.0160399973392487,16301214,-3439437,-11015984,-1126601,719192,0.535294655710459,28.4929044395685,33.0027161166072,1539.69753651524,49
2006,10,300.374267578125,0.0316009521484375,0.0316009521484375,4.99487590789795,-0.00384246185421944,0.00459861755371094,-0.00844107940793037,17680896,-4209065,-9610096,-1035787,2825948,0.470900600776076,28.7280190363526,33.1110568251461,1540.32811775057,44
2006,11,300.7431640625,-4.40334987640381,-4.40334987640381,5.12280941009521,-0.00497505068778992,0.00201416015625,-0.00698921084403992,17465856,-4961472,-12442096,-1004976,-942688,0.473647266626358,29.206305116415,33.1843012478203,1541.43330259487,36
2006,12,299.894287109375,-4.69334316253662,-4.69334316253662,6.7412748336792,-0.00690717250108719,0.00117874145507812,-0.00808591395616531,16927744,-5814944,-17273200,-1056176,-7216576,0.491653187200427,28.2995391637087,33.2026123534888,1539.50358026744,48
2007,1,298.988525390625,-4.36686897277832,-4.36686897277832,6.8960165977478,-0.00609210878610611,0.000120162963867188,-0.0062122717499733,18319360,-5897634,-15236096,-985696,-3800066,0.474868007004261,27.0968657433987,33.0088198184967,1536.61476150731,61
2007,2,299.21923828125,-3.44240856170654,-3.44240856170654,5.21873140335083,-0.00484398007392883,5.62667846679688e-05,-0.0049002468585968,21317632,-6400751,-12113856,-613408,2189617,0.472426526248455,27.2279732599854,32.5205236673355,1536.35358284001,55
2007,3,299.037353515625,-1.74560260772705,-1.74560260772705,3.67480874061584,-0.00370084866881371,9.5367431640625e-06,-0.00371038541197777,24336260,-7358165,-9255440,-622304,7100351,0.466017639264464,27.5106967315078,32.4182866606861,1536.87168525643,48
2007,4,301.409912109375,-1.86446952819824,-1.86446952819824,2.78052616119385,-0.00313553586602211,0.002044677734375,-0.00518021360039711,21809152,-4765784,-7840688,-559028,8643652,0.494094667956233,29.6128116622567,32.6044495683163,1541.63898881531,5
2007,5,301.48779296875,5.4286470413208,5.4286470413208,7.22961235046387,-0.00522272288799286,0.00950241088867188,-0.0147251337766647,18368512,-3663510,-13060752,-1004827,639423,0.531327249482274,29.739524513483,32.8547013457865,1542.18593300556,33
2007,6,301.16650390625,4.70992183685303,4.70992183685303,7.85799264907837,-0.005940280854702,0.0120086669921875,-0.0179489478468895,17658368,-3701682,-14855456,-1473647,-2372417,0.574968717992306,29.6201361045241,33.1537827383727,1542.27212788007,34
2007,7,300.676513671875,4.92095947265625,4.92095947265625,8.44249248504639,-0.00500715896487236,0.00923347473144531,-0.0142406336963177,17315328,-3424147,-12522400,-873490,495291,0.515762809664011,28.8796349912882,33.2331308629364,1540.79172607361,45
2007,8,300.512451171875,6.57641506195068,6.57641506195068,8.83416557312012,-0.00496234744787216,0.00776481628417969,-0.0127271637320518,16689664,-3376500,-12409680,-753075,150409,0.578020568937063,28.5895870774984,33.4345530252904,1540.39555909785,60
2007,9,300.2958984375,5.56980895996094,5.56980895996094,7.86689329147339,-0.00470786914229393,0.0110664367675781,-0.0157743059098721,15769404,-3386855,-11773472,-1092897,-483820,0.536515396088362,28.5309915393591,33.1095308996737,1539.90096882123,51
2007,10,300.00048828125,0.897459983825684,0.897459983825684,5.55216884613037,-0.00398335233330727,0.0086212158203125,-0.0126045681536198,15751168,-3887111,-9961392,-1086462,816203,0.469374675303698,28.5236670970917,33.2239753101021,1540.01465032521,46
2007,11,299.807861328125,-2.88432788848877,-2.88432788848877,5.32942247390747,-0.00447846204042435,0.0135269165039062,-0.0180053785443306,16253952,-4542768,-11199856,-1085504,-574176,0.422681355848908,28.1515854299068,33.6848048027605,1539.72761208528,33
2007,12,299.52197265625,-4.69201755523682,-4.69201755523682,6.06462383270264,-0.00521733984351158,0.00499057769775391,-0.0102079175412655,16249344,-5382672,-13047056,-831072,-3011456,0.546586504206061,27.8161259740591,33.4345530252904,1538.70622652321,41
2008,1,299.3349609375,-3.99328517913818,-3.99328517913818,5.36364078521729,-0.0042404979467392,0.00215911865234375,-0.00639961659908295,17768448,-5432870,-10604992,-711680,1018906,0.583513900637627,27.5788140445948,33.1507308874279,1537.85712882673,66
2008,2,299.3662109375,-3.99533367156982,-3.99533367156982,5.5290265083313,-0.0043480359017849,0.000524520874023438,-0.00487255677580833,20356608,-5663648,-10872848,-635952,3184160,0.477004302665591,27.4396496415138,32.9691457562149,1537.33988266007,38
2008,3,300.0693359375,-2.58347225189209,-2.58347225189209,4.1372447013855,-0.00340906158089638,0.00320816040039062,-0.006617221981287,21117342,-5290259,-8525632,-599840,6701611,0.516373179852962,28.2431409582496,31.797234993428,1537.78843432655,39
2008,4,301.05126953125,-0.264375686645508,-0.264375686645508,3.68728852272034,-0.00373129919171333,0.00526618957519531,-0.00899748876690865,21141504,-4998931,-9331792,-787668,6023113,0.502639850601554,29.5146641358733,32.6425977051258,1541.47536971224,13
2008,5,301.230712890625,6.69284725189209,6.69284725189209,8.44213771820068,-0.00474229454994202,0.00503349304199219,-0.0097757875919342,19739136,-3623761,-11859824,-580975,3674576,0.624408703297377,29.0034180656075,33.0027161166072,1540.79639537951,40
2008,6,300.97705078125,6.56132793426514,6.56132793426514,8.94812202453613,-0.00593987479805946,0.0087127685546875,-0.014652643352747,17941504,-3647168,-14854000,-1018240,-1577904,0.61769463121891,29.09277626127,33.1125827506185,1541.11099894196,54
2008,7,300.70263671875,5.99546813964844,5.99546813964844,8.71900939941406,-0.00564906373620033,0.0104446411132812,-0.0160937048494816,16323072,-3524880,-14127952,-1168410,-2498170,0.584429455921054,28.9360331967473,33.162938291207,1540.83320260862,55
2008,8,300.273193359375,5.20808506011963,5.20808506011963,7.94605922698975,-0.00494927912950516,0.00857162475585938,-0.0135209038853645,17458176,-3537560,-12376736,-963895,579985,0.57679982855916,28.4189275726676,33.3338419441134,1539.9119838073,60
2008,9,300.5791015625,5.58943176269531,5.58943176269531,7.33999109268188,-0.00486655905842781,0.00800704956054688,-0.0128736086189747,18395452,-3955364,-12170112,-978889,1291087,0.578630939126015,28.7287514805794,33.2270271610469,1540.46081145423,48
2008,10,300.666015625,0.417861938476562,0.417861938476562,3.79006028175354,-0.00382091850042343,0.00747299194335938,-0.0112939104437828,17848320,-4494832,-9555312,-967610,2830566,0.570085756480694,29.4113894999027,32.7906124759465,1541.42404216027,31
2008,11,300.33056640625,-4.06848621368408,-4.06848621368408,5.87509441375732,-0.00451911613345146,0.00820541381835938,-0.0127245299518108,15686144,-4140432,-11301232,-1023120,-778640,0.515762809664011,28.874507881701,33.1980345770717,1540.74108977467,42
2008,12,299.876708984375,-5.04676628112793,-5.04676628112793,6.24363136291504,-0.00656309723854065,0.000652313232421875,-0.00721541047096252,16707072,-5562480,-16414000,-902592,-6172000,0.566118350252509,28.2255622968078,33.4116641432047,1539.57926185059,55
2009,1,299.203857421875,-4.72754192352295,-4.72754192352295,6.15631198883057,-0.00659780204296112,0.000185966491699219,-0.00678376853466034,17689088,-5755120,-16499872,-723264,-5289168,0.534989470615983,27.3327127844095,33.4421826526523,1537.63962019212,60
2009,2,299.0205078125,-1.90724468231201,-1.90724468231201,4.05015993118286,-0.00409740582108498,5.7220458984375e-06,-0.00410312786698341,21541888,-7051468,-10246128,-656320,3587972,0.521256141364574,27.5004425123334,33.2956938073039,1537.84756381043,56
2009,3,300.345703125,-1.46101093292236,-1.46101093292236,2.62192869186401,-0.00314051285386086,0.000452041625976562,-0.00359255447983742,23117532,-6237720,-7853584,-629184,8397044,0.528885768726468,28.8532669991255,32.2168644983321,1539.58765957029,62
2009,4,301.39453125,0.406302452087402,0.406302452087402,5.21489524841309,-0.00450160726904869,0.00521659851074219,-0.00971820577979088,20509184,-4435269,-11257600,-883248,3933067,0.52949613891542,29.6487014293671,31.6248054150492,1540.61391950981,20
2009,5,301.629150390625,4.07033824920654,4.07033824920654,5.78716516494751,-0.00514556095004082,0.00923347473144531,-0.0143790356814861,18104320,-4162114,-12868096,-1253139,-179029,0.602435376495123,30.1343119516969,32.0535904727876,1542.10918138603,20
2009,6,300.93505859375,7.44466495513916,7.44466495513916,9.77664089202881,-0.00570712611079216,0.0131206512451172,-0.0188277773559093,15612416,-3239545,-14272528,-1030643,-2930300,0.535599840804935,29.0517593845725,32.5342569965869,1540.37119985626,41
2009,7,301.090087890625,6.71582794189453,6.71582794189453,9.73519420623779,-0.0054609626531601,0.00638198852539062,-0.0118429511785507,17008640,-3256445,-13658256,-617355,-523416,0.549943540245295,28.758049249649,32.7951902523637,1540.03578189302,43
2009,8,300.92724609375,5.30611133575439,5.30611133575439,7.848060131073,-0.00521089509129524,0.0062103271484375,-0.0114212222397327,18411520,-3602985,-13031264,-853147,924124,0.548722799867392,28.9755851849914,32.6776939909905,1540.37010501915,45
2009,9,300.631591796875,5.80886268615723,5.80886268615723,7.90984869003296,-0.00507261604070663,0.007598876953125,-0.0126714929938316,18237706,-3758359,-12685328,-1084644,709375,0.56031983345747,28.9462874159217,32.3786125984043,1539.96991861394,40
2009,10,300.9072265625,1.55600929260254,1.55600929260254,4.62507677078247,-0.00369566679000854,0.00378036499023438,-0.00747603178024292,17853440,-4232663,-9242320,-640506,3737951,0.514847254380584,29.1770073473454,32.6242865994573,1540.73974994968,45
2009,11,300.781982421875,-4.53862190246582,-4.53862190246582,5.28546380996704,-0.0048118494451046,0.00391006469726562,-0.00872191414237022,17382400,-4772736,-12033408,-878320,-302064,0.540177617222071,29.1264686957002,32.6822717674077,1540.69748868545,38
2009,12,299.978515625,-4.88638877868652,-4.88638877868652,5.88072443008423,-0.00506814196705818,0.0034942626953125,-0.00856240466237068,15109120,-4854640,-12674560,-941328,-3361408,0.490432446822524,28.3171178251505,33.4025085903704,1539.76846258136,45
2010,1,299.681640625,-3.6970911026001,-3.6970911026001,5.86916637420654,-0.00488309562206268,0.00161933898925781,-0.0065024346113205,16817152,-4875712,-12211968,-801024,-1071552,0.539262061938643,27.8168584182858,32.9584642779082,1538.16668770948,61
2010,2,299.538818359375,-2.71312999725342,-2.71312999725342,4.77090454101562,-0.00463161617517471,3.0517578125e-05,-0.00466213375329971,21588480,-7022795,-11583040,-795632,2187013,0.544755393639207,27.8622699603438,32.9660939052701,1538.27573771776,64
2010,3,300.630126953125,-1.33567523956299,-1.33567523956299,2.84788846969604,-0.00307536125183105,5.91278076171875e-05,-0.00313448905944824,23646060,-6368200,-7690880,-517504,9069476,0.541093172505498,28.8789025470614,32.3786125984043,1539.82530040959,16
2010,4,302.393798828125,-0.64081859588623,-0.64081859588623,2.24158430099487,-0.00371775776147842,0.00091552734375,-0.00463328510522842,23875072,-5607845,-9297072,-728564,8241591,0.514542069286108,30.8015686422586,32.3740348219872,1543.83661950704,9
2010,5,302.461181640625,1.92264747619629,1.92264747619629,5.62178802490234,-0.00496233999729156,0.00690078735351562,-0.0118631273508072,19488768,-3930152,-12410000,-960992,2187624,0.555131686851382,31.0520645678043,32.6136051211506,1544.61071458556,15
2010,6,301.575927734375,5.43875885009766,5.43875885009766,7.66166687011719,-0.00554683431982994,0.00850868225097656,-0.0140555165708065,16769536,-3501980,-13871856,-1090320,-1694620,0.60121463611722,29.9629200026393,33.3826715592295,1543.24455393155,39
2010,7,300.9033203125,5.08538055419922,5.08538055419922,7.41472148895264,-0.00524222105741501,0.0108566284179688,-0.0160988494753838,15496192,-3407816,-13110064,-1114471,-2136159,0.575884273275733,29.2627033218741,33.0210272222757,1541.36889433445,47
2010,8,300.664794921875,4.03867816925049,4.03867816925049,7.45049571990967,-0.00509702786803246,0.0135536193847656,-0.0186506472527981,15932416,-3433698,-12746368,-1232525,-1480175,0.625324258580804,29.1491744667292,33.1614123657346,1541.28611312734,47
2010,9,300.614501953125,2.35131549835205,2.35131549835205,5.59653568267822,-0.00434991717338562,0.00825881958007812,-0.0126087367534637,17668788,-3664775,-10878176,-1030821,2095016,0.581377604976296,29.1206091418862,33.0133975949138,1541.05838952301,47
2010,10,300.505859375,2.69292545318604,2.69292545318604,6.16700887680054,-0.00470180809497833,0.0112171173095703,-0.0159189254045486,15821824,-3948475,-11758128,-1207823,-1092602,0.528275398537517,29.0891140401363,33.0591753590852,1541.04294439628,34
2010,11,300.2578125,-5.19059944152832,-5.19059944152832,6.26491737365723,-0.00459308549761772,0.00658798217773438,-0.0111810676753521,15851520,-4153760,-11486304,-956912,-745456,0.556657612323761,28.494369328022,33.4925381932408,1540.25531242261,30
2010,12,299.758544921875,-3.5610523223877,-3.5610523223877,6.06021451950073,-0.00476467609405518,0.00519180297851562,-0.0099564790725708,14402560,-4336704,-11915280,-885776,-2735200,0.615863520652056,28.0885952264071,33.3948789630085,1539.26064138814,58
2011,1,299.2080078125,-4.59340286254883,-4.59340286254883,6.21995639801025,-0.00523943454027176,0.00606536865234375,-0.0113048031926155,15439360,-4992720,-13103216,-948832,-3605408,0.631427960470319,27.8241828605533,33.5520492866635,1538.85761953956,59
2011,2,299.452392578125,-4.04837131500244,-4.04837131500244,5.50695657730103,-0.0047156810760498,0.00205039978027344,-0.00676608085632324,18981376,-5550620,-11792496,-781712,856548,0.617084261029959,27.7802362069488,33.3384197205305,1538.51758991018,69
2011,3,299.8056640625,-3.05226898193359,-3.05226898193359,4.36091709136963,-0.00408603623509407,0.00457954406738281,-0.00866558030247688,19943488,-5247432,-10218256,-903344,3574456,0.603656116873026,28.4086733534932,32.9798272345215,1539.4887345349,73
2011,4,300.662353515625,-2.00350189208984,-2.00350189208984,3.05950498580933,-0.00345687940716743,0.00417518615722656,-0.007632065564394,20984832,-4645051,-8644672,-809726,6885383,0.560014648362994,29.4018677249551,32.8669087495655,1541.48982111592,10
2011,5,301.56689453125,4.27399158477783,4.27399158477783,5.62624883651733,-0.00469233095645905,0.00439262390136719,-0.00908495485782623,20286464,-4213335,-11735136,-780022,3557971,0.571916867047548,29.6538285389543,33.1888790242374,1542.38223537469,17
2011,6,301.271484375,6.73631763458252,6.73631763458252,9.01899814605713,-0.00545034557580948,0.00899505615234375,-0.0144454017281532,16369664,-3340914,-13630336,-783907,-1385493,0.569780571386218,29.1550340205431,32.9493087250739,1541.05937993955,40
2011,7,300.466552734375,5.84863471984863,5.84863471984863,8.72917747497559,-0.005705326795578,0.0160865783691406,-0.0217919051647186,14083072,-3239994,-14268368,-1328960,-4754250,0.613116854801774,28.8664509952068,33.1400494091213,1540.65831278198,46
2011,8,300.365966796875,5.83702659606934,5.83702659606934,8.88586616516113,-0.00496608763933182,0.0100269317626953,-0.0149930194020271,16541696,-3316480,-12419024,-917617,-111425,0.591753898188472,28.6569719463587,33.1919308751822,1540.26646679674,54
2011,9,300.356201171875,6.75691032409668,6.75691032409668,8.77671813964844,-0.0048956498503685,0.00966262817382812,-0.0145582780241966,15804951,-3392507,-12243120,-954251,-784927,0.54597613401711,28.383770249784,32.8058717306703,1539.23757680429,56
2011,10,300.31103515625,0.466052055358887,0.466052055358887,4.55820512771606,-0.00362923741340637,0.00636482238769531,-0.00999405980110168,18260992,-4184744,-9075584,-895048,4105616,0.512100588530302,28.9147923141718,32.2260200511664,1539.73020528587,40
2011,11,300.660400390625,-3.84724807739258,-3.84724807739258,4.98087406158447,-0.00478986650705338,0.0015411376953125,-0.00633100420236588,18393600,-5204832,-11978464,-754384,455920,0.49287392757833,29.2326731085777,32.760093966499,1541.01112815784,37
2011,12,300.13720703125,-5.87704086303711,-5.87704086303711,7.58695411682129,-0.00609124079346657,0.00738525390625,-0.0134764946997166,15249920,-4656563,-15232208,-1021888,-5660739,0.51942503079772,28.423322238028,33.5383159574121,1540.1531908496,49
2012,1,299.232666015625,-3.7415246963501,-3.7415246963501,6.10734176635742,-0.00602661073207855,0.000637054443359375,-0.00666366517543793,18252288,-6027060,-15070368,-1086512,-3931652,0.574358347803354,27.7773064300418,33.501693746075,1538.6967942891,68
2012,2,299.307861328125,-3.12903118133545,-3.12903118133545,5.25926685333252,-0.00453149154782295,0.000471115112304688,-0.00500260666012764,20980736,-6829648,-11332816,-724144,2094128,0.58900723233819,27.4308603107929,32.381664449349,1536.65132122991,65
2012,3,299.87841796875,-0.940023422241211,-0.940023422241211,2.77180194854736,-0.00331704691052437,9.918212890625e-05,-0.00341622903943062,23193216,-6564700,-8295616,-633296,7699604,0.547196874395013,28.4343089014292,31.966612720862,1538.39791952887,65
2012,4,301.58837890625,-0.0137195587158203,-0.0137195587158203,2.86722564697266,-0.00361164659261703,0.00139522552490234,-0.00500687211751938,22882816,-5013907,-9032480,-708456,8127973,0.613116854801774,30.0032044351101,31.7056794650853,1541.44695931765,14
2012,5,301.4951171875,5.37560367584229,5.37560367584229,6.55041599273682,-0.00498826429247856,0.00972938537597656,-0.0147176496684551,18362880,-3919852,-12474640,-942199,1026189,0.627460554242134,29.9819635525346,32.1268348954618,1541.87481250813,30
2012,6,301.11474609375,7.57291603088379,7.57291603088379,10.5884456634521,-0.0056057870388031,0.00747299194335938,-0.0130787789821625,17170944,-3285220,-14018976,-612307,-745559,0.563676869496703,29.0773949325085,32.0307015907019,1539.85837409746,44
2012,7,300.91845703125,5.49864292144775,5.49864292144775,8.60614776611328,-0.00474421679973602,0.00403022766113281,-0.00877444446086884,18868224,-3514360,-11865040,-507114,2981710,0.599688710644841,28.9162572026253,33.1736197695136,1540.8029404363,54
2012,8,300.739013671875,6.92086505889893,6.92086505889893,9.32743644714355,-0.00556131824851036,0.00620079040527344,-0.0117621086537838,17457152,-3542906,-13907664,-831392,-824810,0.623187962919474,28.7302163690329,33.5947751998901,1540.87987134688,62
2012,9,300.060791015625,5.62991428375244,5.62991428375244,7.77823543548584,-0.0045737512409687,0.0125236511230469,-0.0170974023640156,15572345,-3335805,-11437888,-1079185,-280533,0.558793907985091,28.2665791735053,32.973723532632,1539.17226213205,58
2012,10,300.492431640625,-0.914326667785645,-0.914326667785645,4.95456314086914,-0.00384677946567535,0.00592231750488281,-0.00976909697055817,17953280,-4269195,-9620112,-855680,3208293,0.513931699097157,28.7492599189281,33.1568345893174,1540.42558346469,39
2012,11,300.656494140625,-1.35846042633057,-1.35846042633057,4.72620439529419,-0.00438489392399788,0.00755691528320312,-0.011941809207201,15281152,-4194464,-10966736,-960304,-840352,0.487990966066718,29.1748100146651,33.2514419686049,1541.44214026351,34
2012,12,300.231689453125,-4.47573566436768,-4.47573566436768,6.07990264892578,-0.00566311553120613,0.00285530090332031,-0.00851841643452644,15860736,-5108496,-14161968,-979712,-4389440,0.523392437025905,28.6364635080099,32.9233679920435,1539.91846169113,34
2013,1,299.38623046875,-4.27333354949951,-4.27333354949951,6.58239221572876,-0.00637875124812126,0.00255584716796875,-0.00893459841609001,16393728,-5035052,-15951616,-1192640,-5785580,0.588702047243714,27.8373668566346,33.3399456460029,1538.64557881631,64
2013,2,300.2412109375,-2.9209508895874,-2.9209508895874,5.34582042694092,-0.00476682186126709,0.00048065185546875,-0.00524747371673584,20406784,-5515736,-11921200,-774640,2195208,0.627460554242134,28.446028009057,32.212286721915,1538.70130870653,66
2013,3,300.268798828125,-2.28109645843506,-2.28109645843506,3.80262136459351,-0.00385047867894173,0.000448226928710938,-0.00429870560765266,23428096,-6876620,-9630144,-557296,6364036,0.589312417432666,28.1618396490812,31.9040497764945,1537.7309560227,37
2013,4,301.53125,-0.0705699920654297,-0.0705699920654297,2.35413670539856,-0.00331705808639526,0.0002593994140625,-0.00357645750045776,24043008,-5945316,-8295648,-534959,9267085,0.535294655710459,29.8918729126453,32.6105532702059,1542.2298342769,15
2013,5,301.830322265625,2.38875198364258,2.38875198364258,6.96267080307007,-0.00522784516215324,0.00719070434570312,-0.0124185495078564,19224064,-3804587,-13073888,-1014857,1330732,0.635700551792979,30.2910550162196,32.4335459154099,1542.85871409811,22
2013,6,300.84423828125,7.30745697021484,7.30745697021484,9.07666969299316,-0.00521226599812508,0.0141716003417969,-0.019383866339922,14406144,-3120159,-13035728,-978672,-2728415,0.643330179154873,29.1103549227118,32.5251014437526,1540.48595820761,56
2013,7,300.425537109375,6.89753818511963,6.89753818511963,9.74435710906982,-0.00548269599676132,0.0127487182617188,-0.0182314142584801,15673344,-3187003,-13711328,-1013127,-2238114,0.661641284823418,28.4504226744175,32.7692495193332,1539.34106850517,59
2013,8,300.493408203125,5.91146945953369,5.91146945953369,8.33549499511719,-0.00487232580780983,0.00722122192382812,-0.012093547731638,18440192,-3612507,-12184672,-742912,1900101,0.59907834045589,28.5185399875045,32.9691457562149,1539.71511515335,62
2013,9,300.290283203125,6.27174377441406,6.27174377441406,7.93851327896118,-0.00464911013841629,0.0100154876708984,-0.0146645978093147,16313832,-3514940,-11626800,-961349,210743,0.588396862149239,28.5910519659519,32.8745383769274,1539.76507679318,48
2013,10,300.316162109375,2.04174613952637,2.04174613952637,5.68636846542358,-0.00419509410858154,0.00821876525878906,-0.0124138593673706,16844288,-4061330,-10491680,-1053856,1237422,0.521866511553526,28.8041932359338,32.3587755672634,1539.6422334662,40
2013,11,300.335205078125,-3.8368616104126,-3.8368616104126,6.20358228683472,-0.00491579622030258,0.0074615478515625,-0.0123773440718651,14961152,-4179408,-12292976,-1095376,-2606608,0.519119845703244,28.6620990559459,33.0393383279443,1540.10494875701,38
2013,12,299.86474609375,-5.1287202835083,-5.1287202835083,6.46402502059937,-0.00691084191203117,0.00233268737792969,-0.00924352928996086,14444032,-4701329,-17282800,-894064,-8434161,0.456862086430192,27.8300424143672,33.3292641676962,1538.61726169326,34
2014,1,299.493896484375,-5.48259449005127,-5.48259449005127,6.64692401885986,-0.00676049292087555,0.000303268432617188,-0.00706376135349274,16825344,-5336583,-16906192,-707632,-6125063,0.489516891539097,27.090273745358,33.5825677961111,1537.25496779011,52
2014,2,298.949462890625,-3.32503795623779,-3.32503795623779,5.04643821716309,-0.00482822954654694,0.000249862670898438,-0.00507809221744537,20802560,-6446812,-12074480,-834720,1446548,0.530411694198847,27.0792870819569,31.8430127575994,1535.24518909011,64
2014,3,299.963134765625,-2.80559825897217,-2.80559825897217,4.6269645690918,-0.00402729213237762,9.5367431640625e-06,-0.00403682887554169,24341936,-7296109,-10071584,-659280,6314963,0.519119845703244,27.8593401834369,31.885738670826,1537.04267663547,42
2014,4,301.600830078125,0.20875072479248,0.20875072479248,2.02020907402039,-0.0030592605471611,0.0001220703125,-0.0031813308596611,24043008,-5852339,-7650304,-482848,10057517,0.512100588530302,29.833277374506,31.9391460623592,1541.35403472938,14
2014,5,301.249267578125,2.1792163848877,2.1792163848877,4.93753385543823,-0.00433844327926636,0.00994491577148438,-0.0142833590507507,16628224,-3710339,-10849456,-1086356,982073,0.516983550041914,30.0303048714995,32.0596941746771,1541.90010946336,15
2014,6,301.4208984375,5.93565273284912,5.93565273284912,8.51299953460693,-0.0048191249370575,0.0100288391113281,-0.0148479640483856,17236480,-3278652,-12051456,-669846,1236526,0.521866511553526,29.3462019637227,32.357249641791,1540.79831433149,28
2014,7,300.994140625,6.81743717193604,6.81743717193604,9.44930076599121,-0.00523095205426216,0.0103225708007812,-0.0155535228550434,16014336,-3167886,-13082128,-865196,-1100874,0.583208715543151,28.9814447388053,32.860805047676,1540.58926892475,38
2014,8,300.603515625,5.4000301361084,5.4000301361084,7.96052551269531,-0.00496288761496544,0.00961685180664062,-0.0145797394216061,17115648,-3448487,-12411328,-973538,282295,0.6442457344383,28.7507248073816,32.9691457562149,1540.2165883281,42
2014,9,300.432861328125,4.6605224609375,4.6605224609375,7.06570720672607,-0.00428646057844162,0.007965087890625,-0.0122515484690666,17348334,-3676638,-10719408,-840645,2111643,0.592059083282948,28.5471053123474,33.2132938317955,1540.0532899681,28
2014,10,300.34033203125,-0.0393457412719727,-0.0393457412719727,4.91700553894043,-0.00378795713186264,0.00926780700683594,-0.0130557641386986,16438272,-3985759,-9472640,-951772,2028101,0.46418652869761,28.8876918777823,33.3658863790333,1540.95897171908,29
2014,11,300.660888671875,-3.181077003479,-3.181077003479,6.03946208953857,-0.00492075458168983,0.00719261169433594,-0.0121133662760258,15451136,-4209200,-12305824,-851232,-1915120,0.513626514002681,28.809320345521,33.0393383279443,1540.42191402528,37
2014,12,300.369140625,-5.6345911026001,-5.6345911026001,6.8989577293396,-0.00535609200596809,0.00513267517089844,-0.0104887671768665,15534080,-4409888,-13393776,-883216,-3152800,0.526444287970662,28.4548173397779,33.9259010273963,1540.66071063186,45
2015,1,299.3662109375,-3.17518997192383,-3.17518997192383,5.10352516174316,-0.00546560436487198,0.00145721435546875,-0.00692281872034073,17065984,-5548544,-13668464,-1036928,-3187952,0.64638203009963,27.7619251012802,33.0652790609747,1538.1665050658,56
2015,2,299.69384765625,-4.52946472167969,-4.52946472167969,5.81743907928467,-0.00548111274838448,0.000349998474121094,-0.00583111122250557,20362240,-6188681,-13706816,-713808,-247065,0.53590502589941,27.756797991693,33.1537827383727,1538.25577333215,51
2015,3,300.25,-2.3065357208252,-2.3065357208252,4.01037168502808,-0.00370834767818451,0.000354766845703125,-0.00406311452388763,23725028,-6351197,-9273872,-623360,7476599,0.551774650812149,28.361064478755,32.6258125249296,1538.98424197172,52
2015,4,301.4375,-1.59928321838379,-1.59928321838379,2.72039246559143,-0.00369555130600929,0.00288963317871094,-0.00658518448472023,21901824,-5235711,-9242192,-767889,6656032,0.517899105325341,29.7153538540006,32.042908994481,1541.22342743064,28
2015,5,301.737060546875,2.84836959838867,2.84836959838867,5.36266708374023,-0.00498661026358604,0.00849723815917969,-0.0134838484227657,17803264,-3882189,-12470272,-1178136,272667,0.561235388740897,30.3987243175507,32.4976347852498,1543.15200436116,15
2015,6,301.294677734375,5.28421211242676,5.28421211242676,7.93304634094238,-0.00498932600021362,0.00740242004394531,-0.0123917460441589,17977856,-3471329,-12477120,-880408,1148999,0.565202794969082,29.5307779088616,32.7524643391371,1541.6328962202,36
2015,7,301.2763671875,6.95531845092773,6.95531845092773,9.77330493927002,-0.00586498156189919,0.0070648193359375,-0.0129298008978367,18681856,-3540216,-14667696,-762048,-288104,0.629291664808989,29.138187803328,33.2102419808507,1541.31782780889,50
2015,8,300.87451171875,6.01627826690674,6.01627826690674,8.68038272857666,-0.00526556372642517,0.00774383544921875,-0.0130093991756439,18156032,-3597413,-13167680,-1046923,344016,0.623493148013949,28.939695417881,33.4070863667876,1541.11678431804,41
2015,9,300.410888671875,5.78549385070801,5.78549385070801,7.7374849319458,-0.00478039309382439,0.0119972229003906,-0.016777615994215,15811686,-3409229,-11954640,-1119712,-671895,0.603656116873026,28.8115176782012,33.2300790119916,1540.64217571113,52
2015,10,300.5771484375,0.151631355285645,0.151631355285645,5.1825704574585,-0.00392528250813484,0.00779342651367188,-0.0117187090218067,17339904,-4068718,-9815984,-916102,2539100,0.495315408334136,29.2985930889845,33.3506271243095,1541.81640899582,30
2015,11,300.6533203125,-4.67058753967285,-4.67058753967285,5.32604360580444,-0.00418619811534882,0.00619316101074219,-0.010379359126091,15749120,-4076272,-10468912,-995584,208352,0.505996886640787,29.2766197621822,33.3735160063952,1541.79570464034,30
2015,12,300.21337890625,-4.86832618713379,-4.86832618713379,6.01612758636475,-0.00527474656701088,0.00288963317871094,-0.00816437974572182,16654336,-5359776,-13191904,-1042560,-2939904,0.590227972716093,28.8686483278871,32.9065828118473,1540.39932518227,53
2016,1,299.560791015625,-4.36357879638672,-4.36357879638672,6.43817186355591,-0.00689633190631866,0.000726699829101562,-0.00762303173542023,17841664,-6138624,-17246256,-1271584,-6814800,0.646687215194106,28.2028565257788,32.7295754570514,1538.75625391126,67
2016,2,300.020751953125,-4.6915225982666,-4.6915225982666,5.84536933898926,-0.00545264407992363,9.34600830078125e-05,-0.00554610416293144,21560320,-6754685,-13635008,-633936,536691,0.608539078384638,28.0351267978549,32.6807458419353,1538.33283698422,64
2016,3,300.543212890625,-1.93799781799316,-1.93799781799316,3.34171581268311,-0.00363049283623695,0.000133514404296875,-0.00376400724053383,23527086,-6628501,-9078928,-697168,7122489,0.603656116873026,28.673085719347,31.6904202103615,1538.60454852055,60
2016,4,302.427978515625,0.334805488586426,0.334805488586426,2.51563501358032,-0.00374528393149376,0.000118255615234375,-0.00386353954672813,24195584,-5764496,-9366128,-526731,8538229,0.605792412534356,30.6125980317593,32.2611163370311,1543.32557418653,16
2016,5,302.758544921875,1.97342300415039,1.97342300415039,6.42346620559692,-0.00554532557725906,0.00447845458984375,-0.0100237801671028,20951040,-4324359,-13867616,-883309,1875756,0.651264991611242,31.3201391547918,32.3770866729319,1544.88520781414,15
2016,6,301.2314453125,5.66843318939209,5.66843318939209,8.47682857513428,-0.00589355081319809,0.01312255859375,-0.0190161094069481,15191040,-3310436,-14738064,-1265772,-4123232,0.682393871247768,29.875759139657,32.7448347117752,1542.34699800508,54
2016,7,301.169921875,5.24557685852051,5.24557685852051,8.00928497314453,-0.00532348826527596,0.0084228515625,-0.013746339827776,17321472,-3540587,-13312144,-921350,-452609,0.731223486363888,29.5161290243268,32.9035309609026,1541.77201530102,61
2016,8,301.268310546875,6.20815944671631,6.20815944671631,8.11787986755371,-0.00488908588886261,0.00461959838867188,-0.00950868427753448,19785728,-3680365,-12226992,-665776,3212595,0.691549424082041,29.2180242240429,32.973723532632,1541.22078002351,56
2016,9,300.73779296875,5.39448547363281,5.39448547363281,7.14706325531006,-0.00462064519524574,0.008331298828125,-0.0129519440233707,14815054,-3413063,-11555936,-959456,-1113401,0.667439801618457,28.9946287348866,33.1095308996737,1540.89818022065,51
2016,10,300.761474609375,4.19650173187256,4.19650173187256,5.54468059539795,-0.0044398158788681,0.00549125671386719,-0.00993107259273529,17300480,-4111366,-11103344,-728622,1357148,0.610675374045968,29.1506393551826,32.2946866974235,1540.31218921917,49
2016,11,300.753173828125,-2.71723175048828,-2.71723175048828,5.80849695205688,-0.00471382588148117,0.0048065185546875,-0.00952034443616867,15707648,-4291232,-11787952,-810400,-1181936,0.621662037447095,28.939695417881,32.8989531844854,1540.5429861845,56
2016,12,300.203857421875,-3.80559635162354,-3.80559635162354,6.911461353302,-0.00550742819905281,0.00893020629882812,-0.0144376344978809,14647296,-4565520,-13772752,-1071552,-4762528,0.61342203989625,28.3427533730865,32.8363902401179,1539.18280691656,49
2017,1,299.533935546875,-3.90296840667725,-3.90296840667725,6.7896900177002,-0.00565614178776741,0.00252342224121094,-0.00817956402897835,16235520,-4850090,-14144144,-916096,-3674810,0.661641284823418,27.8498184084892,32.9767753835768,1538.26036293035,63
2017,2,299.4619140625,-3.34032535552979,-3.34032535552979,5.10593700408936,-0.00470886379480362,9.34600830078125e-05,-0.00480232387781143,20908032,-6036552,-11776592,-628208,2466680,0.623493148013949,27.5399945005774,32.8257087618113,1537.40070641202,68
2017,3,300.402587890625,-2.2061767578125,-2.2061767578125,3.38922953605652,-0.0035860612988472,0.000186920166015625,-0.00377298146486282,23423184,-6112278,-8967824,-458640,7884442,0.576494643464684,28.4138004630804,32.8211309853941,1539.3201918523,40
2017,4,301.453125,0.365285873413086,0.365285873413086,3.38237047195435,-0.00326279550790787,0.00404167175292969,-0.00730446726083755,22116864,-5018092,-8160000,-544016,8394756,0.536820581182837,29.3007904216647,32.1405682247132,1540.45810126111,5
2017,5,301.933837890625,1.91651153564453,1.91651153564453,4.67514562606812,-0.00401958450675011,0.00479316711425781,-0.00881275162100792,18662400,-3948811,-10051712,-838515,3823362,0.573747977614403,30.3804132118821,32.3831903748214,1542.98628237155,14
2017,6,301.2060546875,6.11858940124512,6.11858940124512,8.95957374572754,-0.00555215030908585,0.00799942016601562,-0.0135515704751015,17438720,-3413782,-13883952,-1018903,-877917,0.591448713093996,29.3798943981528,32.4121829587966,1540.93150098256,33
2017,7,301.150390625,5.94626808166504,5.94626808166504,8.75969505310059,-0.0051928386092186,0.00826835632324219,-0.0134611949324608,17645568,-3311865,-12986160,-809639,537904,0.584429455921054,29.010742507875,32.828760612756,1540.61574598001,46
2017,8,300.778076171875,5.31924915313721,5.31924915313721,8.17013168334961,-0.00493824854493141,0.00930595397949219,-0.0142442025244236,16284160,-3283935,-12349264,-932207,-281246,0.586565751582384,28.8657185509801,33.7366862688214,1541.33101930043,30
2017,9,300.669677734375,4.00988101959229,4.00988101959229,6.21451616287231,-0.00438183918595314,0.00918197631835938,-0.0135638155043125,17680440,-3664794,-10958272,-1092945,1964429,0.548417614772916,29.0070802867413,33.4803307894617,1541.34341209465,25
2017,10,300.497314453125,1.79797267913818,1.79797267913818,5.1208553314209,-0.00391673669219017,0.00839996337890625,-0.0123167000710964,15929344,-3768910,-9794800,-988447,1377187,0.520340586081147,29.0803247094154,33.1278420053422,1541.10168652506,23
2017,11,300.468017578125,-4.20561122894287,-4.20561122894287,5.59164047241211,-0.0042772963643074,0.00664329528808594,-0.0109205916523933,15314432,-4112576,-10696688,-998768,-493600,0.526139102876186,28.9440900832415,33.2529678940773,1540.9521079888,27
2017,12,300.2568359375,-4.24477005004883,-4.24477005004883,6.6343560218811,-0.00599492713809013,0.00685691833496094,-0.0128518454730511,14984704,-4558336,-14991312,-995872,-5560816,0.537430951371789,28.3852351382375,33.4925381932408,1540.01863561945,40
2018,1,299.3212890625,-3.2591667175293,-3.2591667175293,5.79768037796021,-0.00505492463707924,0.00310134887695312,-0.00815627351403236,15314432,-4572696,-12642096,-1089040,-2989400,0.582598345354199,27.95529037714,33.4116641432047,1538.98698863527,52
2018,2,299.41259765625,-3.88982486724854,-3.88982486724854,5.56613349914551,-0.00478006154298782,0.000324249267578125,-0.00510431081056595,20764672,-6266803,-11953808,-766816,1777245,0.628986479714513,27.5282753929496,32.2626422625035,1536.7339264526,59
2018,3,300.153076171875,-2.29797840118408,-2.29797840118408,3.39339518547058,-0.0035926066339016,0.000186920166015625,-0.00377952679991722,23710994,-7071193,-8984336,-647568,7007897,0.553910946473479,28.7001861557364,32.5647755060345,1539.65069634021,35
2018,4,301.61279296875,-2.02264308929443,-2.02264308929443,2.8567967414856,-0.00364282727241516,0.00110244750976562,-0.00474527478218079,23234560,-5389284,-9110016,-635287,8099973,0.620746482163668,30.3371990025043,32.345042238012,1542.85467524666,23
2018,5,301.366943359375,1.47613430023193,1.47613430023193,4.53978538513184,-0.0047108456492424,0.0110130310058594,-0.0157238766551018,18058752,-4029265,-11781312,-1289621,958554,0.592974638566375,30.5364238321781,32.5678273569793,1543.51280491314,18
2018,6,300.99169921875,6.72658157348633,6.72658157348633,9.58589363098145,-0.00569234788417816,0.0103759765625,-0.0160683244466782,16093184,-3303456,-14235408,-1013805,-2459485,0.555742057040334,29.4355601593852,32.6883754692972,1541.36001794636,41
2018,7,301.070068359375,6.99050903320312,6.99050903320312,9.91756248474121,-0.00539379566907883,0.00654029846191406,-0.0119340941309929,18513920,-3366472,-13488320,-523642,1135486,0.584429455921054,28.8994109854102,33.1583605147898,1540.74963162908,57
2018,8,300.610595703125,7.6318359375,7.6318359375,10.1601219177246,-0.0054217204451561,0.00864791870117188,-0.014069639146328,16164352,-3180678,-13558560,-729877,-1304763,0.599383525550365,28.67015594244,32.7524643391371,1539.79799208814,58
2018,9,300.525634765625,4.21561431884766,4.21561431884766,6.05221605300903,-0.00423362478613853,0.00579452514648438,-0.0100281499326229,18158854,-3916042,-10587328,-843827,2811657,0.542619097977877,28.8225043416023,33.6008789017797,1541.08490139322,50
2018,10,300.449951171875,-1.36166858673096,-1.36166858673096,4.09405279159546,-0.00355472788214684,0.00889778137207031,-0.0124525092542171,16852992,-4048488,-8889360,-990724,2924420,0.510879848152399,29.2429273277521,32.6731162145734,1540.93490717318,29
2018,11,300.71484375,-4.26860237121582,-4.26860237121582,5.95796012878418,-0.00507593899965286,0.00632095336914062,-0.0113968923687935,16173568,-4564784,-12692848,-893632,-1977696,0.480056153610349,28.8342234492302,33.3216345403343,1540.79437426349,36
2018,12,299.888671875,-4.27597999572754,-4.27597999572754,6.04133796691895,-0.00498685240745544,0.00723648071289062,-0.0122233331203461,14000640,-4406208,-12469856,-1195760,-4071184,0.526749473065138,28.3376262634993,33.5306863300502,1539.95839854309,36
2019,1,299.69873046875,-4.36681842803955,-4.36681842803955,6.87542343139648,-0.00594156235456467,0.00110340118408203,-0.0070449635386467,17532416,-5188186,-14859312,-1119312,-3634394,0.598773155361414,28.2145756334066,32.873012451455,1538.94447973409,55
2019,2,299.670166015625,-3.52224540710449,-3.52224540710449,5.17871332168579,-0.00390603765845299,0.000125885009765625,-0.00403192266821861,21433344,-6392737,-9767824,-593952,4678831,0.598467970266938,27.9560228213668,32.7631458174437,1538.25215311445,61
2019,3,300.0234375,-1.64568328857422,-1.64568328857422,3.62416124343872,-0.00327124446630478,1.52587890625e-05,-0.00328650325536728,24265220,-7048290,-8180688,-557584,8478658,0.559709463268518,28.4540848955512,32.4060792569071,1538.9380664113,42
2019,4,301.33349609375,-1.56658458709717,-1.56658458709717,3.32318258285522,-0.00360938906669617,0.00290870666503906,-0.00651809573173523,23533568,-5990308,-9026160,-751675,7765425,0.567339090630412,30.0588701963425,32.2382274549454,1542.15957879263,12
2019,5,301.894775390625,4.67585277557373,4.67585277557373,6.13821983337402,-0.00455785170197487,0.00354194641113281,-0.00809979811310768,21213696,-4020806,-11398096,-759008,5035786,0.583513900637627,30.074251525104,32.2733237408102,1542.23084578505,28
2019,6,301.4609375,6.27925300598145,6.27925300598145,8.62360858917236,-0.00563767552375793,0.0115947723388672,-0.0172324478626251,15177728,-3247030,-14098416,-1134015,-3301733,0.589922787621617,29.8493911474943,32.4488051701337,1541.9596576986,45
2019,7,301.394775390625,5.85157012939453,5.85157012939453,8.92655372619629,-0.00564591959118843,0.00463294982910156,-0.01027886942029,18336768,-3565072,-14120000,-773399,-121703,0.663472395390272,29.4963530302048,32.8211309853941,1541.63764446296,54
2019,8,300.7841796875,8.06981086730957,8.06981086730957,10.3338985443115,-0.00590671971440315,0.009796142578125,-0.0157028622925282,16190464,-3279597,-14772224,-1030297,-2891654,0.686666462570429,28.9741202965379,32.9691457562149,1540.69588200041,66
2019,9,300.328369140625,3.61364936828613,3.61364936828613,7.62345170974731,-0.00438477471470833,0.0138339996337891,-0.0182187743484974,15597094,-3328267,-10965440,-875500,427887,0.641804253682494,28.7272865921259,33.0927457194775,1540.30583975006,73
2019,10,300.845458984375,-2.43170547485352,-2.43170547485352,3.35514736175537,-0.00363139063119888,0.00454330444335938,-0.00817469507455826,19338752,-4567090,-9081536,-974860,4715266,0.581682790070772,29.8193609341979,33.0698568373919,1542.59446705159,10
2019,11,300.807373046875,-2.05457496643066,-2.05457496643066,5.52073431015015,-0.00495946407318115,0.00717544555664062,-0.0121349096298218,16982016,-4791216,-12402592,-1032960,-1244752,0.49287392757833,29.3147068619728,33.0668049864471,1541.53064796531,34
2019,12,300.06396484375,-5.26894855499268,-5.26894855499268,6.44377613067627,-0.00608600676059723,0.000787734985351562,-0.00687374174594879,17211904,-5449776,-15218992,-1006368,-4463232,0.520035400986671,28.6086306273937,33.2621234469116,1540.24154452183,41
2020,1,299.681396484375,-4.06570243835449,-4.06570243835449,6.27442741394043,-0.00547767803072929,0.00018310546875,-0.00566078349947929,18864640,-5986801,-13699088,-941568,-1762817,0.509659107774496,27.8944975063205,32.1756645105779,1537.44951889993,52
2020,2,299.388671875,-4.25154876708984,-4.25154876708984,6.30613279342651,-0.0048966258764267,5.91278076171875e-05,-0.00495575368404388,21867520,-6790784,-12245584,-729040,2102112,0.594805749133229,27.3297830075026,31.9147312548012,1535.89281567742,59
2020,3,299.832275390625,-2.29979801177979,-2.29979801177979,3.82497692108154,-0.0032707192003727,8.392333984375e-05,-0.00335464254021645,23535934,-6472742,-8179296,-528896,8355000,0.583513900637627,28.3786431401968,32.9020050354302,1539.33528126824,60
2020,4,301.4384765625,-2.18013286590576,-2.18013286590576,3.14424657821655,-0.0034559890627861,0.0006256103515625,-0.0040815994143486,23717888,-5421825,-8643344,-624722,9027997,0.589922787621617,30.1101412922144,32.5205236673355,1542.5823577346,12
2020,5,301.75390625,-0.424769401550293,-0.424769401550293,5.78680562973022,-0.00464749708771706,0.0107231140136719,-0.0153706111013889,17357312,-3756881,-11622272,-1050482,927677,0.632953885942698,30.4499954134226,32.7631458174437,1543.55439623345,17
2020,6,301.2353515625,4.17549419403076,4.17549419403076,7.09685516357422,-0.00478051230311394,0.009521484375,-0.0143019966781139,16894976,-3281218,-11955152,-925847,732759,0.642414623871446,29.5937681123614,32.840968016535,1541.8649226106,41
2020,7,300.850830078125,3.15361309051514,3.15361309051514,6.33763790130615,-0.00456053391098976,0.009185791015625,-0.0137463249266148,16352768,-3526740,-11404800,-1038150,383078,0.682393871247768,29.5139316916466,32.9905087128282,1541.8652651728,49
2020,8,301.200439453125,5.87754249572754,5.87754249572754,8.08756923675537,-0.00505080819129944,0.00850296020507812,-0.0135537683963776,18440704,-3749567,-12630864,-679625,1380648,0.656147953122854,29.2685628756881,32.961516128853,1541.31425383036,55
2020,9,300.66650390625,5.00738620758057,5.00738620758057,6.92807579040527,-0.00530772656202316,0.0139274597167969,-0.01923518627882,15193992,-3539129,-13273248,-1416035,-3034420,0.62990203499794,29.453138820827,33.0027161166072,1541.75092893544,36
2020,10,300.3662109375,4.44988918304443,4.44988918304443,5.81052541732788,-0.003797497600317,0.00895118713378906,-0.0127486847341061,14435328,-3486421,-9497376,-903257,548274,0.587481306865811,28.8386181145906,33.06222721003,1540.51068757775,49
2020,11,300.67236328125,-4.87879371643066,-4.87879371643066,5.62730026245117,-0.0046280175447464,0.00489234924316406,-0.00952036678791046,16307200,-4307104,-11573792,-943040,-516736,0.569170201197267,29.0839869305491,32.8119754325598,1540.75318009305,51
2020,12,300.193603515625,-5.04879474639893,-5.04879474639893,6.27937889099121,-0.00548916310071945,0.00383758544921875,-0.0093267485499382,15662592,-4677056,-13726880,-939232,-3680576,0.62562944367528,28.4885097742081,33.1705679185688,1539.87802261336,61
